file,fps_requested,before_s,after_s,delta_ms,missed_60hz_slots
dup_demo-replay-20261004-pointer-v3__01_pointer_immediate_r1.mov.npz,30,0.08,0.13,50.0,
dup_demo-replay-20261004-pointer-v3__01_pointer_immediate_r1.mov.npz,30,0.163333,0.213333,49.999999999999986,
dup_demo-replay-20261004-pointer-v3__01_pointer_immediate_r1.mov.npz,30,0.213333,0.263333,49.999999999999986,
dup_demo-replay-20261004-pointer-v3__02_pointer_immediate_r2.mov.npz,30,0.091667,0.141667,49.999999999999986,
dup_demo-replay-20261004-pointer-v3__02_pointer_immediate_r2.mov.npz,30,0.175,0.225,50.000000000000014,
dup_demo-replay-20261004-pointer-v3__02_pointer_immediate_r2.mov.npz,30,0.225,0.275,50.000000000000014,
dup_demo-replay-20261004-pointer-v3__03_pointer_immediate_r3.mov.npz,30,0.098333,0.148333,49.999999999999986,
dup_demo-replay-20261004-pointer-v3__03_pointer_immediate_r3.mov.npz,30,0.181667,0.231667,50.000000000000014,
dup_demo-replay-20261004-pointer-v3__03_pointer_immediate_r3.mov.npz,30,0.231667,0.281667,49.999999999999986,
dup_demo-replay-20261004-pointer-v3__03_pointer_immediate_r3.mov.npz,30,7.815,7.865,49.99999999999982,
dup_demo-replay-20261004-pointer__01_pointer_immediate_r1.mov.npz,30,0.108333,0.158333,50.0,
dup_demo-replay-20261004-pointer__01_pointer_immediate_r1.mov.npz,30,0.191667,0.241667,49.999999999999986,
dup_demo-replay-20261004-pointer__01_pointer_immediate_r1.mov.npz,30,0.241667,0.291667,50.000000000000014,
dup_demo-replay-20261004-pointer__01_pointer_immediate_r1.mov.npz,30,7.558333,7.608333,49.99999999999982,
dup_demo-replay-20261004-pointer__02_pointer_immediate_r2.mov.npz,30,0.1,0.15,49.999999999999986,
dup_demo-replay-20261004-pointer__02_pointer_immediate_r2.mov.npz,30,0.183333,0.233333,50.000000000000014,
dup_demo-replay-20261004-pointer__02_pointer_immediate_r2.mov.npz,30,0.233333,0.283333,49.999999999999986,
dup_demo-replay-20261004-pointer__03_pointer_immediate_r3.mov.npz,30,0.095,0.145,49.999999999999986,
dup_demo-replay-20261004-pointer__03_pointer_immediate_r3.mov.npz,30,0.178333,0.228333,50.000000000000014,
dup_demo-replay-20261004-pointer__03_pointer_immediate_r3.mov.npz,30,0.228333,0.278333,49.999999999999986,
dup_demo-replay-20261004-variance__v2_01__01_pointer_immediate_r1.mov.npz,60,0.093333,0.126667,33.334,1
dup_demo-replay-20261004-variance__v2_01__01_pointer_immediate_r1.mov.npz,60,0.143333,0.176667,33.334,1
dup_demo-replay-20261004-variance__v2_01__01_pointer_immediate_r1.mov.npz,60,0.176667,0.21,33.333,1
dup_demo-replay-20261004-variance__v2_01__01_pointer_immediate_r1.mov.npz,60,1.66,1.693333,33.333000000000055,1
dup_demo-replay-20261004-variance__v2_02__01_pointer_immediate_r1.mov.npz,60,0.1,0.133333,33.333,1
dup_demo-replay-20261004-variance__v2_02__01_pointer_immediate_r1.mov.npz,60,0.15,0.183333,33.333,1
dup_demo-replay-20261004-variance__v2_02__01_pointer_immediate_r1.mov.npz,60,0.183333,0.216667,33.334,1
dup_demo-replay-20261004-variance__v2_02__01_pointer_immediate_r1.mov.npz,60,0.283333,0.316667,33.333999999999975,1
dup_demo-replay-20261004-variance__v2_02__01_pointer_immediate_r1.mov.npz,60,0.766667,0.816667,50.00000000000004,2
dup_demo-replay-20261004-variance__v2_03__01_pointer_immediate_r1.mov.npz,60,0.1,0.133333,33.333,1
dup_demo-replay-20261004-variance__v2_03__01_pointer_immediate_r1.mov.npz,60,0.15,0.183333,33.333,1
dup_demo-replay-20261004-variance__v2_03__01_pointer_immediate_r1.mov.npz,60,0.183333,0.216667,33.334,1
dup_demo-replay-20261004-variance__v2_03__01_pointer_immediate_r1.mov.npz,60,1.8,1.833333,33.333000000000055,1
dup_demo-replay-20261004-variance__v2_03__01_pointer_immediate_r1.mov.npz,60,7.75,7.783333,33.332999999999835,1
dup_demo-replay-20261004-variance__v2_04__01_pointer_immediate_r1.mov.npz,60,0.091667,0.125,33.333,1
dup_demo-replay-20261004-variance__v2_04__01_pointer_immediate_r1.mov.npz,60,0.141667,0.175,33.333,1
dup_demo-replay-20261004-variance__v2_04__01_pointer_immediate_r1.mov.npz,60,0.175,0.208333,33.333,1
dup_demo-replay-20261004-variance__v2_04__01_pointer_immediate_r1.mov.npz,60,0.475,0.508333,33.333000000000055,1
dup_demo-replay-20261004-variance__v2_04__01_pointer_immediate_r1.mov.npz,60,7.658333,7.691667,33.333999999999975,1
dup_demo-replay-20261004-variance__v2_04__01_pointer_immediate_r1.mov.npz,60,8.108333,8.141667,33.333999999999975,1
dup_demo-replay-20261004-variance__v2_05__01_pointer_immediate_r1.mov.npz,60,0.091667,0.125,33.333,1
dup_demo-replay-20261004-variance__v2_05__01_pointer_immediate_r1.mov.npz,60,0.141667,0.175,33.333,1
dup_demo-replay-20261004-variance__v2_05__01_pointer_immediate_r1.mov.npz,60,0.175,0.208333,33.333,1
dup_demo-replay-20261004-variance__v2_05__01_pointer_immediate_r1.mov.npz,60,0.208333,0.241667,33.334,1
dup_demo-replay-20261004-variance__v2_06__01_pointer_immediate_r1.mov.npz,60,0.098333,0.131667,33.334,1
dup_demo-replay-20261004-variance__v2_06__01_pointer_immediate_r1.mov.npz,60,0.148333,0.181667,33.334,1
dup_demo-replay-20261004-variance__v2_06__01_pointer_immediate_r1.mov.npz,60,0.181667,0.215,33.333,1
dup_demo-replay-20261004-variance__v2_06__01_pointer_immediate_r1.mov.npz,60,0.215,0.248333,33.333,1
dup_demo-replay-20261004-variance__v2_07__01_pointer_immediate_r1.mov.npz,60,0.1,0.133333,33.333,1
dup_demo-replay-20261004-variance__v2_07__01_pointer_immediate_r1.mov.npz,60,0.15,0.183333,33.333,1
dup_demo-replay-20261004-variance__v2_07__01_pointer_immediate_r1.mov.npz,60,0.183333,0.216667,33.334,1
dup_demo-replay-20261004-variance__v2_07__01_pointer_immediate_r1.mov.npz,60,1.183333,1.216667,33.333999999999975,1
dup_demo-replay-20261004-variance__v2_08__01_pointer_immediate_r1.mov.npz,60,0.106667,0.14,33.33300000000001,1
dup_demo-replay-20261004-variance__v2_08__01_pointer_immediate_r1.mov.npz,60,0.156667,0.19,33.333,1
dup_demo-replay-20261004-variance__v2_08__01_pointer_immediate_r1.mov.npz,60,0.19,0.223333,33.333,1
dup_demo-replay-20261004-variance__v2_08__01_pointer_immediate_r1.mov.npz,60,1.04,1.073333,33.333000000000055,1
dup_demo-replay-20261004-variance__v2_08__01_pointer_immediate_r1.mov.npz,60,2.79,2.823333,33.332999999999835,1
dup_demo-replay-20261004-variance__v2_08__01_pointer_immediate_r1.mov.npz,60,7.84,7.873333,33.332999999999835,1
dup_demo-replay-20261004-variance__v2_09__01_pointer_immediate_r1.mov.npz,60,0.086667,0.12,33.333,1
dup_demo-replay-20261004-variance__v2_09__01_pointer_immediate_r1.mov.npz,60,0.136667,0.17,33.333,1
dup_demo-replay-20261004-variance__v2_09__01_pointer_immediate_r1.mov.npz,60,0.17,0.203333,33.333,1
dup_demo-replay-20261004-variance__v2_09__01_pointer_immediate_r1.mov.npz,60,0.203333,0.236667,33.333999999999975,1
dup_demo-replay-20261004-variance__v2_10__01_pointer_immediate_r1.mov.npz,60,0.085,0.118333,33.332999999999984,1
dup_demo-replay-20261004-variance__v2_10__01_pointer_immediate_r1.mov.npz,60,0.135,0.168333,33.333,1
dup_demo-replay-20261004-variance__v2_10__01_pointer_immediate_r1.mov.npz,60,0.168333,0.201667,33.334,1
dup_demo-replay-20261004-variance__v2_10__01_pointer_immediate_r1.mov.npz,60,0.201667,0.235,33.33299999999998,1
dup_demo-replay-20261004-variance__v2_10__01_pointer_immediate_r1.mov.npz,60,8.051667,8.085,33.33300000000072,1
dup_demo-replay-20261004-variance__v3_01__01_pointer_immediate_r1.mov.npz,60,0.09,0.123333,33.333,1
dup_demo-replay-20261004-variance__v3_01__01_pointer_immediate_r1.mov.npz,60,0.14,0.173333,33.33299999999998,1
dup_demo-replay-20261004-variance__v3_01__01_pointer_immediate_r1.mov.npz,60,0.173333,0.206667,33.334,1
dup_demo-replay-20261004-variance__v3_02__01_pointer_immediate_r1.mov.npz,60,0.1,0.133333,33.333,1
dup_demo-replay-20261004-variance__v3_02__01_pointer_immediate_r1.mov.npz,60,0.15,0.183333,33.333,1
dup_demo-replay-20261004-variance__v3_02__01_pointer_immediate_r1.mov.npz,60,0.183333,0.216667,33.334,1
dup_demo-replay-20261004-variance__v3_02__01_pointer_immediate_r1.mov.npz,60,1.866667,1.9,33.332999999999835,1
dup_demo-replay-20261004-variance__v3_02__01_pointer_immediate_r1.mov.npz,60,8.366667,8.4,33.33300000000072,1
dup_demo-replay-20261004-variance__v3_03__01_pointer_immediate_r1.mov.npz,60,0.098333,0.131667,33.334,1
dup_demo-replay-20261004-variance__v3_03__01_pointer_immediate_r1.mov.npz,60,0.148333,0.181667,33.334,1
dup_demo-replay-20261004-variance__v3_03__01_pointer_immediate_r1.mov.npz,60,0.181667,0.215,33.333,1
dup_demo-replay-20261004-variance__v3_03__01_pointer_immediate_r1.mov.npz,60,1.798333,1.831667,33.333999999999975,1
dup_demo-replay-20261004-variance__v3_03__01_pointer_immediate_r1.mov.npz,60,7.881667,7.915,33.332999999999835,1
dup_demo-replay-20261004-variance__v3_04__01_pointer_immediate_r1.mov.npz,60,0.103333,0.136667,33.33400000000002,1
dup_demo-replay-20261004-variance__v3_04__01_pointer_immediate_r1.mov.npz,60,0.153333,0.186667,33.334,1
dup_demo-replay-20261004-variance__v3_04__01_pointer_immediate_r1.mov.npz,60,0.186667,0.22,33.333,1
dup_demo-replay-20261004-variance__v3_04__01_pointer_immediate_r1.mov.npz,60,0.22,0.253333,33.33299999999998,1
dup_demo-replay-20261004-variance__v3_05__01_pointer_immediate_r1.mov.npz,60,0.098333,0.131667,33.334,1
dup_demo-replay-20261004-variance__v3_05__01_pointer_immediate_r1.mov.npz,60,0.148333,0.181667,33.334,1
dup_demo-replay-20261004-variance__v3_05__01_pointer_immediate_r1.mov.npz,60,0.181667,0.215,33.333,1
dup_demo-replay-20261004-variance__v3_05__01_pointer_immediate_r1.mov.npz,60,1.098333,1.131667,33.333999999999975,1
dup_demo-replay-20261004-variance__v3_05__01_pointer_immediate_r1.mov.npz,60,1.748333,1.781667,33.333999999999975,1
dup_demo-replay-20261004-variance__v3_06__01_pointer_immediate_r1.mov.npz,60,0.101667,0.135,33.33300000000001,1
dup_demo-replay-20261004-variance__v3_06__01_pointer_immediate_r1.mov.npz,60,0.151667,0.185,33.333,1
dup_demo-replay-20261004-variance__v3_06__01_pointer_immediate_r1.mov.npz,60,0.185,0.218333,33.333,1
dup_demo-replay-20261004-variance__v3_06__01_pointer_immediate_r1.mov.npz,60,0.351667,0.385,33.333,1
dup_demo-replay-20261004-variance__v3_06__01_pointer_immediate_r1.mov.npz,60,0.985,1.018333,33.33299999999995,1
dup_demo-replay-20261004-variance__v3_06__01_pointer_immediate_r1.mov.npz,60,1.701667,1.735,33.333000000000055,1
dup_demo-replay-20261004-variance__v3_07__01_pointer_immediate_r1.mov.npz,60,0.096667,0.13,33.333,1
dup_demo-replay-20261004-variance__v3_07__01_pointer_immediate_r1.mov.npz,60,0.146667,0.18,33.333,1
dup_demo-replay-20261004-variance__v3_07__01_pointer_immediate_r1.mov.npz,60,0.18,0.213333,33.333,1
dup_demo-replay-20261004-variance__v3_07__01_pointer_immediate_r1.mov.npz,60,0.963333,0.996667,33.333999999999975,1
dup_demo-replay-20261004-variance__v3_08__01_pointer_immediate_r1.mov.npz,60,0.103333,0.136667,33.33400000000002,1
dup_demo-replay-20261004-variance__v3_08__01_pointer_immediate_r1.mov.npz,60,0.153333,0.186667,33.334,1
dup_demo-replay-20261004-variance__v3_08__01_pointer_immediate_r1.mov.npz,60,0.186667,0.22,33.333,1
dup_demo-replay-20261004-variance__v3_08__01_pointer_immediate_r1.mov.npz,60,0.22,0.253333,33.33299999999998,1
dup_demo-replay-20261004-variance__v3_09__01_pointer_immediate_r1.mov.npz,60,0.105,0.138333,33.33300000000001,1
dup_demo-replay-20261004-variance__v3_09__01_pointer_immediate_r1.mov.npz,60,0.155,0.188333,33.333,1
dup_demo-replay-20261004-variance__v3_09__01_pointer_immediate_r1.mov.npz,60,0.188333,0.221667,33.334,1
dup_demo-replay-20261004-variance__v3_09__01_pointer_immediate_r1.mov.npz,60,0.221667,0.255,33.333,1
dup_demo-replay-20261004-variance__v3_09__01_pointer_immediate_r1.mov.npz,60,1.271667,1.305,33.332999999999835,1
dup_demo-replay-20261004-variance__v3_10__01_pointer_immediate_r1.mov.npz,60,0.103333,0.136667,33.33400000000002,1
dup_demo-replay-20261004-variance__v3_10__01_pointer_immediate_r1.mov.npz,60,0.153333,0.186667,33.334,1
dup_demo-replay-20261004-variance__v3_10__01_pointer_immediate_r1.mov.npz,60,0.186667,0.22,33.333,1
dup_demo-replay-20261004-variance__v3_10__01_pointer_immediate_r1.mov.npz,60,2.153333,2.186667,33.333999999999975,1
dup_demo-replay-20261004-variance__v3_10__01_pointer_immediate_r1.mov.npz,60,8.236667,8.27,33.33299999999895,1
dup_hover_rate_ble1.mov.npz,60,0.085,0.118333,33.332999999999984,1
dup_hover_rate_ble1.mov.npz,60,0.135,0.168333,33.333,1
dup_hover_rate_ble1.mov.npz,60,0.168333,0.201667,33.334,1
dup_hover_rate_ble1.mov.npz,60,0.201667,0.235,33.33299999999998,1
dup_hover_rate_wifi_off.mov.npz,60,0.108333,0.141667,33.33399999999999,1
dup_hover_rate_wifi_off.mov.npz,60,0.158333,0.191667,33.334,1
dup_hover_rate_wifi_off.mov.npz,60,0.191667,0.225,33.333,1
dup_hover_rate_wifi_off.mov.npz,60,1.875,1.908333,33.333000000000055,1
dup_hover_rate_wifi_on.mov.npz,60,0.088333,0.121667,33.334,1
dup_hover_rate_wifi_on.mov.npz,60,0.138333,0.171667,33.333999999999975,1
dup_hover_rate_wifi_on.mov.npz,60,0.171667,0.205,33.333,1
dup_hover_rate_wifi_on.mov.npz,60,0.888333,0.921667,33.333999999999975,1
