clip,token,recording,command_id,duration_ms,length_fraction,repetition,trace_visible,board_moved,comments,updated_at
1,1f840ab1f6b85c1f4421,3,p1-l3-d45,45,0.8,1,trace,True,,2026-10-03T00:43:42.873Z
2,c2980be003782b43f35e,13,p3-l1-d15,15,0.4,3,trace,True,,2026-10-03T00:43:57.443Z
3,105e625207e0f6fe5f68,12,p3-l1-d50,50,0.4,3,trace,True,,2026-10-03T00:44:12.059Z
4,302fdd330ea7f9a3f292,8,p2-l3-d40,40,0.8,2,trace,True,,2026-10-03T00:44:20.730Z
5,9c2ba53afcdeec7b7f16,13,p3-l3-d25,25,0.8,3,trace,True,,2026-10-03T00:44:27.684Z
6,5b6e7a6250512ec1c9c6,11,p3-l0-d30,30,0.2,3,trace,True,,2026-10-03T00:44:44.830Z
7,04393ebb9427a148a23e,6,p2-l4-d20,20,1.0,2,flicker,True,,2026-10-03T00:45:12.266Z
8,39e9a680a9fcac52d652,3,p1-l0-d10,10,0.2,1,flicker,False,,2026-10-03T00:45:30.346Z
9,69e870f02231349da2fc,5,p1-l1-d35,35,0.4,1,trace,True,,2026-10-03T00:45:37.533Z
10,e12630a5059bf7db3193,5,p1-l2-d45,45,0.6,1,trace,True,,2026-10-03T00:45:43.592Z
11,3b9927b8d959d5637fd5,9,p2-l4-d35,35,1.0,2,trace,True,,2026-10-03T00:45:50.763Z
12,fcdedaa1e79affded0f4,8,p2-l3-d45,45,0.8,2,trace,True,,2026-10-03T00:45:56.945Z
13,6f2cbfd09f29996ecf8e,4,p1-l2-d15,15,0.6,1,flicker,True,,2026-10-03T00:46:07.370Z
14,2bbfb3690908bbdb400e,12,p3-l4-d25,25,1.0,3,trace,True,,2026-10-03T00:46:18.480Z
15,0b02c8ffc5479c6c55d1,13,p3-l3-d30,30,0.8,3,trace,True,,2026-10-03T00:46:25.000Z
16,96960afd99a8dd90145f,1,p1-l0-d30,30,0.2,1,trace,True,,2026-10-03T00:46:31.653Z
17,5e951b1bf4eab9663584,8,p2-l2-d35,35,0.6,2,trace,True,,2026-10-03T00:46:37.903Z
18,1db7ffa1d32ff7bc2606,9,p2-l1-d50,50,0.4,2,trace,True,,2026-10-03T00:46:49.502Z
19,bffae2c45a60a0fea4bf,1,p1-l4-d15,15,1.0,1,flicker,True,,2026-10-03T00:46:58.101Z
20,e6b21950e1165318d3e9,8,p2-l2-d50,50,0.6,2,trace,True,,2026-10-03T00:47:04.394Z
21,939c23f0484d3e83d1f7,15,p3-l0-d25,25,0.2,3,trace,True,,2026-10-03T00:47:20.760Z
22,19b839af0ad20f414513,6,p2-l0-d25,25,0.2,2,trace,True,,2026-10-03T00:47:27.628Z
23,80b5fdd4a7d6816059f0,7,p2-l1-d45,45,0.4,2,trace,True,,2026-10-03T00:59:17.136Z
24,d52d1be60b0dd2fa1f68,13,p3-l4-d20,20,1.0,3,flicker,True,,2026-10-03T00:59:32.509Z
25,728a229d0d76890f32af,3,p1-l4-d50,50,1.0,1,trace,True,,2026-10-03T00:59:37.421Z
26,a3c8984953b75af23e79,12,p3-l2-d45,45,0.6,3,trace,True,,2026-10-03T00:59:40.742Z
27,4dfd2ba27f40377d9167,1,p1-l1-d50,50,0.4,1,trace,True,,2026-10-03T00:59:43.669Z
28,579f0ac3ef79674ee113,5,p1-l2-d30,30,0.6,1,trace,True,,2026-10-03T00:59:46.495Z
29,264cbc6e3fe280f68537,12,p3-l2-d40,40,0.6,3,trace,True,,2026-10-03T00:59:49.419Z
30,73740310e374baf9153e,2,p1-l4-d35,35,1.0,1,trace,True,,2026-10-03T00:59:52.216Z
31,6bf228b613cc24896e04,15,p3-l2-d35,35,0.6,3,trace,True,,2026-10-03T00:59:54.996Z
32,cfdced0fdd8150d5f663,2,p1-l3-d10,10,0.8,1,flicker,False,,2026-10-03T01:00:24.435Z
33,7beceb362ee27cc24275,6,p2-l4-d45,45,1.0,2,trace,True,,2026-10-03T01:00:33.522Z
34,f882b58799b5b83512ca,8,p2-l3-d50,50,0.8,2,trace,True,,2026-10-03T01:00:36.610Z
35,2c761322ac7f8b782a8c,15,p3-l1-d10,10,0.4,3,flicker,False,,2026-10-03T01:00:48.362Z
36,715ca6be7ceec5910a4f,14,p3-l0-d20,20,0.2,3,trace,True,,2026-10-03T01:00:58.723Z
37,4ebf5a994326a7dcb462,10,p2-l0-d50,50,0.2,2,trace,True,,2026-10-03T01:01:01.893Z
38,06b9b071f8fecdcd700b,2,p1-l4-d40,40,1.0,1,trace,True,,2026-10-03T01:01:04.625Z
39,3c6f94459167365ea6b4,1,p1-l1-d40,40,0.4,1,trace,True,,2026-10-03T01:01:07.491Z
40,477ceb93489ceff6bd06,3,p1-l3-d50,50,0.8,1,trace,True,,2026-10-03T01:01:10.203Z
41,f3140f91097e1b993d30,3,p1-l0-d15,15,0.2,1,flicker,True,,2026-10-03T01:01:21.031Z
42,f329b27ac1c4c78560ed,15,p3-l3-d50,50,0.8,3,trace,True,,2026-10-03T01:01:25.059Z
43,71f58bb0c0b4d9e031f3,9,p2-l4-d50,50,1.0,2,trace,True,,2026-10-03T01:01:27.743Z
44,d726a46ee5dff18f04fd,13,p3-l2-d20,20,0.6,3,flicker,True,,2026-10-03T01:01:32.386Z
45,8ef35d5c5494f309fd34,14,p3-l2-d50,50,0.6,3,trace,True,,2026-10-03T01:01:35.751Z
46,ec5c6f76592efcb7cc85,10,p2-l1-d35,35,0.4,2,trace,True,,2026-10-03T01:01:38.572Z
47,841698e4598a8e50acf1,6,p2-l2-d40,40,0.6,2,trace,True,,2026-10-03T01:01:41.325Z
48,930c0832fb4a103df128,4,p1-l0-d50,50,0.2,1,trace,True,,2026-10-03T01:01:44.101Z
49,92b26ceeb03a26974677,9,p2-l3-d15,15,0.8,2,trace,True,,2026-10-03T01:01:47.173Z
50,8288fa33150984901c50,11,p3-l4-d30,30,1.0,3,trace,True,,2026-10-03T01:01:49.931Z
51,292e7421e1caea8f6274,9,p2-l3-d10,10,0.8,2,flicker,False,,2026-10-03T01:02:03.984Z
52,44339f40fab44afe7b2d,10,p2-l3-d25,25,0.8,2,trace,True,,2026-10-03T01:02:08.013Z
53,5007721537652c5c3ed9,3,p1-l1-d45,45,0.4,1,trace,True,,2026-10-03T01:02:10.724Z
54,10e81bcfe1070104d34f,10,p2-l2-d15,15,0.6,2,trace,True,,2026-10-03T01:02:13.432Z
55,a8cd09be084ef0c291e2,4,p1-l4-d25,25,1.0,1,trace,True,,2026-10-03T01:02:16.024Z
56,543ee060b2d015b3744a,2,p1-l3-d15,15,0.8,1,trace,True,,2026-10-03T01:02:18.484Z
57,6d2a871107be07b3ccc4,13,p3-l2-d25,25,0.6,3,flicker,True,,2026-10-03T01:02:26.949Z
58,22437998f25cacf92cd8,4,p1-l0-d40,40,0.2,1,trace,True,,2026-10-03T01:02:30.177Z
59,f01bdf7d7ad2df2fb74b,5,p1-l2-d20,20,0.6,1,trace,True,,2026-10-03T01:02:32.748Z
60,d7c0d79752129e6d5a59,11,p3-l3-d40,40,0.8,3,trace,True,,2026-10-03T01:02:35.197Z
61,b6b4bd2b5c558a7f6f25,6,p2-l4-d40,40,1.0,2,trace,True,,2026-10-03T01:02:37.768Z
62,9a4ce4c85652cb4996d2,10,p2-l3-d30,30,0.8,2,trace,True,,2026-10-03T01:02:40.382Z
63,eed2b42cf0471c361099,2,p1-l3-d25,25,0.8,1,trace,True,,2026-10-03T01:02:42.834Z
64,ccbd81fd96ed0dbfc0df,4,p1-l0-d35,35,0.2,1,trace,True,,2026-10-03T01:02:45.614Z
65,b50c8df8e02127bdd1a3,15,p3-l0-d35,35,0.2,3,trace,True,,2026-10-03T01:02:48.162Z
66,c2707d37aad76ff7400d,5,p1-l3-d20,20,0.8,1,trace,True,,2026-10-03T01:02:50.595Z
67,4bbd204edb6daa5d59ae,11,p3-l1-d40,40,0.4,3,trace,True,,2026-10-03T01:02:53.091Z
68,16d3535a73a7157e5fbd,9,p2-l0-d15,15,0.2,2,flicker,True,,2026-10-03T01:03:01.171Z
69,53bc7a06e2db5a8347a8,12,p3-l1-d20,20,0.4,3,trace,True,,2026-10-03T01:03:03.692Z
70,a3e77fdfb4ba5301479c,15,p3-l0-d15,15,0.2,3,flicker,True,,2026-10-03T01:03:07.995Z
71,af942cf8c339d3afbd5a,14,p3-l3-d35,35,0.8,3,trace,True,,2026-10-03T01:03:10.932Z
72,bf0e9c606fd4e002d912,4,p1-l2-d40,40,0.6,1,trace,True,,2026-10-03T01:03:13.463Z
73,132234ea20b1088cc61d,3,p1-l1-d20,20,0.4,1,flicker,True,,2026-10-03T01:03:17.268Z
74,ddf5f1039cc266d51eeb,8,p2-l1-d15,15,0.4,2,flicker,True,,2026-10-03T01:03:21.260Z
75,7220713bc7dcef33a612,1,p1-l1-d30,30,0.4,1,trace,True,,2026-10-03T01:03:25.065Z
76,3768e6329f454e50e7fa,13,p3-l4-d45,45,1.0,3,trace,True,,2026-10-03T01:03:27.561Z
77,95b29e11ec7651c85ca7,8,p2-l3-d20,20,0.8,2,trace,True,,2026-10-03T01:03:29.936Z
78,0a2f65591d0572c8b271,11,p3-l3-d10,10,0.8,3,flicker,False,,2026-10-03T01:03:39.185Z
79,8d5879c5de5be6194eb6,1,p1-l2-d50,50,0.6,1,trace,True,,2026-10-03T01:03:42.523Z
80,9583e5c808ad176aeb1a,2,p1-l1-d15,15,0.4,1,flicker,True,,2026-10-03T01:03:46.726Z
81,22ac6f2e48681bacf1f2,12,p3-l4-d35,35,1.0,3,trace,True,,2026-10-03T01:03:49.590Z
82,fe59fdc4036a5be12748,13,p3-l2-d30,30,0.6,3,trace,True,,2026-10-03T01:03:51.936Z
83,e724b54e6f6e957a685d,9,p2-l4-d25,25,1.0,2,trace,True,,2026-10-03T01:03:54.112Z
84,ba7bdb7b2072bebbfca2,4,p1-l0-d45,45,0.2,1,trace,True,Very short trace. Definitely not a flicker but remarkably short.,2026-10-03T01:04:30.813Z
85,f5d6263530e693ef9df4,2,p1-l2-d25,25,0.6,1,flicker,True,,2026-10-03T01:04:51.459Z
86,b24b9115abf56c7876c2,7,p2-l4-d15,15,1.0,2,trace,True,,2026-10-03T01:04:54.207Z
87,a0dad3514200f02c6ef2,7,p2-l2-d25,25,0.6,2,trace,True,,2026-10-03T01:04:56.660Z
88,c3f509cd1559eaafd3ef,7,p2-l1-d40,40,0.4,2,trace,True,,2026-10-03T01:04:59.121Z
89,d375b035ffc25a31c340,2,p1-l4-d45,45,1.0,1,trace,True,,2026-10-03T01:05:01.730Z
90,91f2316ea4cd7c2e8a2c,9,p2-l0-d35,35,0.2,2,trace,True,,2026-10-03T01:05:04.443Z
91,f29f81d4a4f3f20ac315,4,p1-l3-d40,40,0.8,1,trace,True,,2026-10-03T01:05:07.011Z
92,e25370424e0be8dfa6fe,14,p3-l0-d40,40,0.2,3,trace,True,,2026-10-03T01:05:09.499Z
93,3a7728b73fd4ab5eda87,1,p1-l2-d35,35,0.6,1,trace,True,,2026-10-03T01:05:11.890Z
94,2ac49908b7f42521990c,7,p2-l1-d20,20,0.4,2,trace,True,,2026-10-03T01:05:14.433Z
95,96f68c51abdc378153a3,14,p3-l1-d30,30,0.4,3,trace,True,,2026-10-03T01:05:16.901Z
96,c333b1031f6282997a9f,9,p2-l0-d20,20,0.2,2,trace,True,,2026-10-03T01:05:19.477Z
97,a4e65d36477f441314da,12,p3-l1-d25,25,0.4,3,trace,True,,2026-10-03T01:05:21.817Z
98,f3f77189f64672fce0f6,6,p2-l0-d45,45,0.2,2,trace,True,,2026-10-03T01:05:24.333Z
99,5d30193b5d6d2a6aa5c0,11,p3-l2-d15,15,0.6,3,trace,True,,2026-10-03T01:05:26.760Z
100,f193315abcc48391715b,8,p2-l0-d10,10,0.2,2,flicker,False,,2026-10-03T01:05:38.808Z
101,ae27bfee7fe870e0c0cc,11,p3-l3-d20,20,0.8,3,flicker,True,,2026-10-03T01:05:48.765Z
102,cea66efc95b939211f36,15,p3-l3-d45,45,0.8,3,trace,True,,2026-10-03T01:05:51.827Z
103,bfcab0ef1e5b491c29b1,4,p1-l3-d35,35,0.8,1,trace,True,,2026-10-03T01:05:54.281Z
104,aef1c29feead810f4951,11,p3-l0-d10,10,0.2,3,flicker,False,,2026-10-03T01:06:04.545Z
105,8f09bf92079daf290bc1,1,p1-l0-d25,25,0.2,1,trace,True,,2026-10-03T01:06:07.631Z
106,4e5aeb7ddc8393ec295a,13,p3-l2-d10,10,0.6,3,flicker,False,,2026-10-03T01:06:17.338Z
107,1769e99677a98a77bbc1,1,p1-l4-d30,30,1.0,1,trace,True,,2026-10-03T01:06:20.371Z
108,b786be4853adfacc08f9,12,p3-l4-d10,10,1.0,3,flicker,False,,2026-10-03T01:06:28.562Z
109,c7e58a3c29d302ae0e66,6,p2-l3-d35,35,0.8,2,trace,True,,2026-10-03T01:06:31.226Z
110,98c60a0521abdf01cda1,14,p3-l4-d15,15,1.0,3,trace,True,,2026-10-03T01:06:33.634Z
111,082b34ea5fb058527bce,5,p1-l4-d10,10,1.0,1,flicker,False,,2026-10-03T01:06:40.916Z
112,d63b8fadb1029b18d32f,14,p3-l1-d35,35,0.4,3,trace,True,,2026-10-03T01:06:43.364Z
113,735369757e8be83c5237,7,p2-l4-d30,30,1.0,2,trace,True,,2026-10-03T01:06:45.778Z
114,05b4548df6a883ccf7a1,10,p2-l1-d10,10,0.4,2,flicker,False,,2026-10-03T01:06:54.283Z
115,4cd8ba35fd526fd08705,3,p1-l0-d20,20,0.2,1,flicker,True,,2026-10-03T01:07:02.467Z
116,f740c3a089325a10f208,6,p2-l2-d30,30,0.6,2,trace,True,,2026-10-03T01:07:05.550Z
117,21cf81f3cd00a01f52c0,14,p3-l0-d50,50,0.2,3,trace,True,,2026-10-03T01:07:07.943Z
118,b7c45b1bac4ed663ab46,6,p2-l0-d30,30,0.2,2,trace,True,,2026-10-03T01:07:10.347Z
119,645389af250407f9c69a,8,p2-l1-d25,25,0.4,2,trace,True,,2026-10-03T01:07:12.757Z
120,1a090ad6bebd948f6626,5,p1-l1-d10,10,0.4,1,flicker,False,,2026-10-03T01:07:20.076Z
121,adcf9992e5550fd939b0,14,p3-l4-d40,40,1.0,3,trace,True,,2026-10-03T01:07:22.642Z
122,f2ade6beda0ca08e513b,10,p2-l2-d10,10,0.6,2,flicker,False,,2026-10-03T01:07:27.247Z
123,7e25e3e6e3e88ca9f722,10,p2-l2-d20,20,0.6,2,flicker,True,,2026-10-03T01:07:31.783Z
124,12b259cd434f8e0d6fab,5,p1-l4-d20,20,1.0,1,flicker,True,,2026-10-03T01:07:41.178Z
125,cb4f5f18447c9340266b,15,p3-l1-d45,45,0.4,3,trace,True,,2026-10-03T01:07:44.182Z
126,4f13762b0d75300be3c1,12,p3-l0-d45,45,0.2,3,trace,True,Another very short trace (there have been about 5 – might just be very short gesture length – just noting it).,2026-10-03T01:08:33.166Z
127,84555e13bac0ae805372,7,p2-l2-d45,45,0.6,2,trace,True,,2026-10-03T01:08:35.822Z
128,2c48aea6a3c5ae2a8c29,2,p1-l3-d30,30,0.8,1,trace,True,,2026-10-03T01:08:38.381Z
129,a25c03c5bb0be06cefb6,5,p1-l2-d10,10,0.6,1,flicker,False,,2026-10-03T01:08:42.472Z
130,fa024ca54a5b0b092c35,7,p2-l1-d30,30,0.4,2,trace,True,,2026-10-03T01:08:45.027Z
131,814480b0f4f257d9267b,11,p3-l4-d50,50,1.0,3,trace,True,,2026-10-03T01:08:47.360Z
132,12cd818b606a939426ec,3,p1-l1-d25,25,0.4,1,flicker,True,,2026-10-03T01:08:51.432Z
133,24499cf52a2210522789,7,p2-l0-d40,40,0.2,2,trace,True,,2026-10-03T01:08:59.152Z
134,721695c38079a59f8372,15,p3-l3-d15,15,0.8,3,flicker,True,,2026-10-03T01:09:04.813Z
135,842017c8abcb9e9a8dfe,10,p2-l4-d10,10,1.0,2,flicker,False,,2026-10-03T01:09:12.189Z
